1	aaaaaaaa-7770-40d6-9827-ZZZZZZZZZZZZ	11	client1 on page 11	
2	aaaaaaaa-7770-40d6-9827-ZZZZZZZZZZZZ	19	client1 on page 19	
3	aaaaaaaa-7770-40d6-9827-ZZZZZZZZZZZZ	COMMITTED	
4	ebd1082b-7770-40d6-9827-79f92cc5a964	1	Client 1 schreibt auf page 1	
5	aaaaaaaa-7770-QQQQ-9827-ZZZZZZZZZZZZ	25	client2 on page 25	
6	aaaaaaaa-7770-QQQQ-9827-ZZZZZZZZZZZZ	COMMITTED	
7	aaaaaaaa-7770-QQQQ-9827-ZZZZZZZZZZZZ	28	client2 on page 28	
8	ebd1082b-7770-40d6-9827-79f92cc5a964	COMMITTED	
9	ebd1082b-7770-40d6-9827-79f92cc5a964	1	Client 1 schreibt auf page 1	
10	ebd1082b-7770-40d6-9827-79f92cc5a964	3	Client 1 schreibt auf page 3	
