1	32e46705-f788-4ecd-a7e2-1c8ab58d2801	TRANSIENT	
2	ebd1082b-7770-40d6-9827-79f92cc5a964	1	bazinga	
3	ebd1082b-7770-40d6-9827-79f92cc5a964	1	bazinga	
4	ebd1082b-7770-40d6-9827-79f92cc5a964	1	bazinga	
5	ebd1082b-7770-40d6-9827-79f92cc5a964	1	bazinga	
6	ebd1082b-7770-40d6-9827-79f92cc5a964	1	bazinga	
7	ebd1082b-7770-40d6-9827-79f92cc5a964	1	bazinga	
8	ebd1082b-7770-40d6-9827-79f92cc5a964	COMMITTED	
9	ebd1082b-7770-40d6-9827-79f92cc5a964	1	bazinga	
10	ebd1082b-7770-40d6-9827-79f92cc5a964	1	bazinga	
11	ebd1082b-7770-40d6-9827-79f92cc5a964	1	bazinga	
12	ebd1082b-7770-40d6-9827-79f92cc5a964	1	bazinga	
13	ebd1082b-7770-40d6-9827-79f92cc5a964	1	bazinga	
14	ebd1082b-7770-40d6-9827-79f92cc5a964	1	bazinga	
15	ebd1082b-7770-40d6-9827-79f92cc5a964	COMMITTED	
16	ebd1082b-7770-40d6-9827-79f92cc5a964	1	bazinga	
17	ebd1082b-7770-40d6-9827-79f92cc5a964	1	bazinga	
18	ebd1082b-7770-40d6-9827-79f92cc5a964	1	bazinga	
19	ebd1082b-7770-40d6-9827-79f92cc5a964	1	bazinga	
20	ebd1082b-7770-40d6-9827-79f92cc5a964	1	bazinga	
21	ebd1082b-7770-40d6-9827-79f92cc5a964	COMMITTED	
22	ebd1082b-7770-40d6-9827-79f92cc5a964	1	bazinga	
23	aaaaaaaa-7770-40d6-9827-79f92cc5a964	1	bazinga	
24	aaaaaaaa-7770-40d6-9827-79f92cc5a964	1	blub	
25	aaaaaaaa-7770-40d6-9827-79f92cc5a964	1	i like boobs	
26	aaaaaaaa-7770-40d6-9827-79f92cc5a964	1	foo bar batz	
27	aaaaaaaa-7770-40d6-9827-79f92cc5a964	22	bazinga	
28	ebd1082b-7770-40d6-9827-79f92cc5a964	COMMITTED	
29	ebd1082b-7770-40d6-9827-79f92cc5a964	1	bazinga	
30	aaaaaaaa-7770-40d6-9827-79f92cc5a964	1	bazinga	
31	aaaaaaaa-7770-40d6-9827-79f92cc5a964	22	bazinga	
32	aaaaaaaa-7770-40d6-9827-79f92cc5a964	1	foo bar batz	
33	aaaaaaaa-7770-40d6-9827-79f92cc5a964	1	i like boobs	
34	aaaaaaaa-7770-40d6-9827-79f92cc5a964	4	foo bar batz	
35	aaaaaaaa-7770-40d6-9827-79f92cc5a964	5	i like boobs	
36	aaaaaaaa-bbbb-40d6-9827-79f92cc5a964	1	blub	
37	ebd1082b-7770-40d6-9827-79f92cc5a964	COMMITTED	
38	ebd1082b-7770-40d6-9827-79f92cc5a964	COMMITTED	
39	aaaaaaaa-7770-40d6-9827-79f92cc5a964	5	i like boobs	
40	aaaaaaaa-bbbb-40d6-9827-79f92cc5a964	1	blub	
41	ebd1082b-7770-40d6-9827-79f92cc5a964	1	bazinga	
42	aaaaaaaa-7770-40d6-9827-79f92cc5a964	1	bazinga	
43	ebd1082b-7770-40d6-9827-79f92cc5a964	COMMITTED	
44	aaaaaaaa-bbbb-40d6-9827-79f92cc5a964	1	blub	
45	aaaaaaaa-7770-40d6-9827-79f92cc5a964	5	i like boobs	
46	ebd1082b-7770-40d6-9827-79f92cc5a964	COMMITTED	
47	aaaaaaaa-7770-40d6-9827-79f92cc5a964	5	i like boobs	
48	aaaaaaaa-bbbb-40d6-9827-79f92cc5a964	1	blub	
49	ebd1082b-7770-40d6-9827-79f92cc5a964	COMMITTED	
50	aaaaaaaa-7770-40d6-9827-79f92cc5a964	5	i like boobs	
51	aaaaaaaa-bbbb-40d6-9827-79f92cc5a964	1	blub	
52	ebd1082b-7770-40d6-9827-79f92cc5a964	COMMITTED	
53	ebd1082b-7770-40d6-9827-79f92cc5a964	1	bazinga	
54	ebd1082b-7770-40d6-9827-79f92cc5a964	COMMITTED	
55	ebd1082b-7770-40d6-9827-79f92cc5a964	1	Client 1 schreibt auf page 1	
56	ebd1082b-7770-40d6-9827-79f92cc5a964	2	Client 1 schreibt auf page 2	
57	ebd1082b-7770-40d6-9827-79f92cc5a964	3	Client 1 schreibt auf page 3	
58	aaaaaaaa-7770-40d6-9827-ZZZZZZZZZZZZ	11	client1 on page 11	
59	aaaaaaaa-7770-40d6-9827-ZZZZZZZZZZZZ	19	client1 on page 19	
60	aaaaaaaa-7770-QQQQ-9827-ZZZZZZZZZZZZ	25	client2 on page 25	
61	aaaaaaaa-7770-QQQQ-9827-ZZZZZZZZZZZZ	28	client2 on page 28	
62	ebd1082b-7770-40d6-9827-79f92cc5a964	COMMITTED	
63	aaaaaaaa-7770-40d6-9827-ZZZZZZZZZZZZ	COMMITTED	
64	aaaaaaaa-7770-QQQQ-9827-ZZZZZZZZZZZZ	COMMITTED	
65	ebd1082b-7770-40d6-9827-79f92cc5a964	1	Client 1 schreibt auf page 1	
66	ebd1082b-7770-40d6-9827-79f92cc5a964	2	Client 1 schreibt auf page 2	
